    @PG123432
    Patrick Ging PG123432
    @owyaggy
    Owen Yaggy owyaggy
    @haotianGan
    Haotian Gan haotianGan
    @turtlelazy
    Ishraq Mahid turtlelazy
    @xVany
    Raymond Yeung xVany
    @kcao20
    Kevin Cao kcao20
    @lamdaham
    Ivan Lam lamdaham
    @michelle-lo
    Michelle Lo michelle-lo
    @Clue88
    Christopher Liu Clue88
    @mborczuk
    Michael Borczuk mborczuk
    @naominaranjo
    naominaranjo
    @ivanmijacika
    Ivan Mijacika ivanmijacika
    @Lucas-Lee11
    Lucas Lee Lucas-Lee11
    @josephinelee1234
    Josephine Lee josephinelee1234
    @microbe73
    Rayat Roy microbe73
    @Alif-Abdullah0
    Alif Abdullah Alif-Abdullah0
    @Iamchwill
    William Chen Iamchwill
    @zou-Justin
    zou-Justin
    @dib1000
    emmabu11er dib1000
    @andylin2004
    Andy Lin andylin2004
    @rachelxiao907
    Rachel Xiao rachelxiao907
    @Andrew1J
    Andrew Juang Andrew1J
    @ywu20
    Yuqing Wu ywu20
    @rengzhengcodes
    Renggeng Zheng rengzhengcodes
    @OnikuSpedu
    Shadman Rakib OnikuSpedu
    @AnnabelZhang1
    AnnabelZhang1
    @AAWorks
    Alejandro Alonso AAWorks
    @dmaheshwari04
    Deven Maheshwari dmaheshwari04
    @DavidASC20
    DavidASC20
     @LieselWong
    LieselWong
    @AryamanGoenka0910
    Aryaman Goenka AryamanGoenka0910
    @oscarwang20
    oscarwang20
    @tamitakada
    Tami Takada tamitakada
    @sookiemonster
    Daniel Sooknanan sookiemonster
    @cnelson20
    Cameron Nelson cnelson20
    @yelsharawy
    Yusuf Elsharawy yelsharawy
    @austinngan
    austinngan
    @ellakrechmer
    Ella Krechmer ellakrechmer
    @tomas-20
    Tomas Acuna tomas-20
    @tinalenguyen
    Tina Nguyen tinalenguyen
    @thomasyu21
    Thomas Yu thomasyu21
    @yayeetying
    Yaying Liang Li yayeetying
    @Sadid-E
    Sadid Ethun Sadid-E
    @JesseStuy20
    Jesse Xie JesseStuy20
    @EGuo2004
    Eric Guo EGuo2004
    @stuy-jwu20
    Jonathan Wu stuy-jwu20
    @qiqimonkey4300
    Shyne Choi qiqimonkey4300
    @lin-zhaoyu
    Zhaoyu Lin lin-zhaoyu
    @Joshua-Kloepfer20
    Joshua-Kloepfer20
    @sanand20
    Shriya Anand sanand20
    @naronesty
    Noakai Aronesty naronesty
    @dubu-yc
    Yoonah Chang dubu-yc
    @RoshaniS5
    Roshani Shrestha RoshaniS5
    @theofahey
    theofahey
    @QinaL
    Qina Liu QinaL
    @hzhangg20
    Han Zhang hzhangg20
    @LucasTom-Wong
    Lucas Tom-Wong LucasTom-Wong
    @Lia-Nelson
    Julia Nelson Lia-Nelson
    @sliu-20
    Sophie Liu sliu-20
     @apzhang7
    Angela Zhang apzhang7
    @GavinMcGinley
    GavinMcGinley
